{"cameraMode":{"drawMode":0,"name":"Shaded","section":"Shading Mode"},"sceneLighting":false,"audioPlay":false,"sceneViewState":{"showFog":true,"showMaterialUpdate":false,"showSkybox":false,"showFlares":true,"showImageEffects":true,"showParticleSystems":true},"in2DMode":false,"pivot":{"x":5.888732433319092,"y":0.6034265160560608,"z":3.5741612911224367},"rotation":{"x":0.146401047706604,"y":-0.8268338441848755,"z":0.46245110034942629,"w":0.2902052104473114},"size":4.028771877288818,"orthographic":true}