{"cameraMode":{"drawMode":0,"name":"Shaded","section":"Shading Mode"},"sceneLighting":false,"audioPlay":false,"sceneViewState":{"showFog":true,"showMaterialUpdate":false,"showSkybox":false,"showFlares":true,"showImageEffects":true,"showParticleSystems":true},"in2DMode":false,"pivot":{"x":1.3557459115982056,"y":0.07832786440849304,"z":2.365070343017578},"rotation":{"x":-0.3684103488922119,"y":-0.5345654487609863,"z":0.29295000433921816,"w":-0.7046903371810913},"size":4.462807655334473,"orthographic":true}