{"cameraMode":{"drawMode":0,"name":"Shaded","section":"Shading Mode"},"sceneLighting":false,"audioPlay":false,"sceneViewState":{"showFog":true,"showMaterialUpdate":false,"showSkybox":false,"showFlares":true,"showImageEffects":true,"showParticleSystems":true},"in2DMode":false,"pivot":{"x":4.990780830383301,"y":2.2898852825164797,"z":4.790726661682129},"rotation":{"x":-0.31033962965011599,"y":-0.6723380088806152,"z":0.39465463161468508,"w":-0.5451259613037109},"size":7.750897407531738,"orthographic":true}