{"cameraMode":{"drawMode":0,"name":"Shaded","section":"Shading Mode"},"sceneLighting":false,"audioPlay":false,"sceneViewState":{"showFog":true,"showMaterialUpdate":false,"showSkybox":false,"showFlares":true,"showImageEffects":true,"showParticleSystems":true},"in2DMode":false,"pivot":{"x":3.659224510192871,"y":0.7026863098144531,"z":2.5168986320495607},"rotation":{"x":-0.16966590285301209,"y":0.8103978633880615,"z":-0.27881312370300295,"w":-0.48702317476272585},"size":6.657831192016602,"orthographic":true}