{"cameraMode":{"drawMode":0,"name":"Shaded","section":"Shading Mode"},"sceneLighting":false,"audioPlay":false,"sceneViewState":{"showFog":true,"showMaterialUpdate":false,"showSkybox":false,"showFlares":true,"showImageEffects":true,"showParticleSystems":true},"in2DMode":false,"pivot":{"x":-0.28159791231155398,"y":0.12876001000404359,"z":1.718871831893921},"rotation":{"x":0.20314499735832215,"y":-0.7935439348220825,"z":0.43612468242645266,"w":0.37713244557380679},"size":4.478195667266846,"orthographic":true}