{"cameraMode":{"drawMode":0,"name":"Shaded","section":"Shading Mode"},"sceneLighting":false,"audioPlay":false,"sceneViewState":{"showFog":true,"showMaterialUpdate":false,"showSkybox":false,"showFlares":true,"showImageEffects":true,"showParticleSystems":true},"in2DMode":false,"pivot":{"x":3.1318492889404299,"y":-0.24862036108970643,"z":0.05293477699160576},"rotation":{"x":0.16595199704170228,"y":0.8210692405700684,"z":-0.4644491672515869,"w":0.29147952795028689},"size":6.474808692932129,"orthographic":true}