{"cameraMode":{"drawMode":0,"name":"Shaded","section":"Shading Mode"},"sceneLighting":false,"audioPlay":false,"sceneViewState":{"showFog":true,"showMaterialUpdate":false,"showSkybox":false,"showFlares":true,"showImageEffects":true,"showParticleSystems":true},"in2DMode":false,"pivot":{"x":4.0124664306640629,"y":3.5970444679260256,"z":7.277525424957275},"rotation":{"x":0.08410465717315674,"y":0.9142696261405945,"z":-0.33961817622184756,"w":0.20950689911842347},"size":6.611854076385498,"orthographic":true}