{"cameraMode":{"drawMode":0,"name":"Shaded","section":"Shading Mode"},"sceneLighting":false,"audioPlay":false,"sceneViewState":{"showFog":true,"showMaterialUpdate":false,"showSkybox":false,"showFlares":true,"showImageEffects":true,"showParticleSystems":true},"in2DMode":false,"pivot":{"x":3.820140838623047,"y":1.965977430343628,"z":-0.005973968654870987},"rotation":{"x":0.2758166491985321,"y":-0.2932697534561157,"z":0.09518693387508393,"w":0.9123753905296326},"size":4.133040428161621,"orthographic":true}