{"cameraMode":{"drawMode":0,"name":"Shaded","section":"Shading Mode"},"sceneLighting":false,"audioPlay":false,"sceneViewState":{"showFog":true,"showMaterialUpdate":false,"showSkybox":false,"showFlares":true,"showImageEffects":true,"showParticleSystems":true},"in2DMode":false,"pivot":{"x":0.33263373374938967,"y":1.7890629768371583,"z":1.7803722620010377},"rotation":{"x":-0.24920518696308137,"y":0.6956454515457153,"z":-0.28437790274620058,"w":-0.6114579439163208},"size":9.061264991760254,"orthographic":true}