{"cameraMode":{"drawMode":0,"name":"Shaded","section":"Shading Mode"},"sceneLighting":false,"audioPlay":false,"sceneViewState":{"showFog":true,"showMaterialUpdate":false,"showSkybox":false,"showFlares":true,"showImageEffects":true,"showParticleSystems":true},"in2DMode":false,"pivot":{"x":2.2945456504821779,"y":2.025432825088501,"z":4.4314374923706059},"rotation":{"x":-0.16491173207759858,"y":0.8147063851356506,"z":-0.2733960449695587,"w":-0.4845486879348755},"size":5.752035617828369,"orthographic":true}