{"cameraMode":{"drawMode":0,"name":"Shaded","section":"Shading Mode"},"sceneLighting":false,"audioPlay":false,"sceneViewState":{"showFog":true,"showMaterialUpdate":false,"showSkybox":false,"showFlares":true,"showImageEffects":true,"showParticleSystems":true},"in2DMode":false,"pivot":{"x":4.267829418182373,"y":-5.68135929107666,"z":-1.5938133001327515},"rotation":{"x":0.19536863267421723,"y":0.8036326169967651,"z":-0.47930529713630679,"w":0.2991422116756439},"size":6.466903209686279,"orthographic":true}