{"cameraMode":{"drawMode":0,"name":"Shaded","section":"Shading Mode"},"sceneLighting":false,"audioPlay":false,"sceneViewState":{"showFog":true,"showMaterialUpdate":false,"showSkybox":false,"showFlares":true,"showImageEffects":true,"showParticleSystems":true},"in2DMode":false,"pivot":{"x":0.7312020063400269,"y":0.19574572145938874,"z":1.7903658151626588},"rotation":{"x":-0.07622846215963364,"y":0.9126032590866089,"z":-0.3328445553779602,"w":-0.22985483705997468},"size":6.145862102508545,"orthographic":true}